{"cameraMode":{"drawMode":0,"name":"Shaded","section":"Shading Mode"},"sceneLighting":false,"audioPlay":false,"sceneViewState":{"showFog":true,"showMaterialUpdate":false,"showSkybox":false,"showFlares":true,"showImageEffects":true,"showParticleSystems":true},"in2DMode":false,"pivot":{"x":905.0020141601563,"y":3.177999973297119,"z":62.13800048828125},"rotation":{"x":-0.18786561489105225,"y":0.6591814756393433,"z":-0.17522373795509339,"w":-0.7067410349845886},"size":0.2376728653907776,"orthographic":false}