{"cameraMode":{"drawMode":0,"name":"Shaded","section":"Shading Mode"},"sceneLighting":false,"audioPlay":false,"sceneViewState":{"showFog":true,"showMaterialUpdate":false,"showSkybox":false,"showFlares":true,"showImageEffects":true,"showParticleSystems":true},"in2DMode":false,"pivot":{"x":906.0741577148438,"y":3.343301773071289,"z":62.647212982177737},"rotation":{"x":-0.0040179090574383739,"y":-0.7934585213661194,"z":-0.005238159094005823,"w":0.6085885763168335},"size":4.845234394073486,"orthographic":false}