{"cameraMode":{"drawMode":0,"name":"Shaded","section":"Shading Mode"},"sceneLighting":false,"audioPlay":false,"sceneViewState":{"showFog":true,"showMaterialUpdate":false,"showSkybox":false,"showFlares":true,"showImageEffects":true,"showParticleSystems":true},"in2DMode":false,"pivot":{"x":-0.003519596066325903,"y":1.3592039346694947,"z":0.3834436535835266},"rotation":{"x":-0.07029451429843903,"y":0.7536851763725281,"z":-0.08171691745519638,"w":-0.6483361721038818},"size":4.574558258056641,"orthographic":false}